theta1_init,theta2_init,theta1_last,theta2_last,x1_last,y1_last,x2_last,y2_last
0.0,0.0,0.0,0.0,0.0,-1.0,0.0,-2.0
0.0,0.3306939635357677,-0.22557459341943883,0.010517776585507692,-0.223666435550025,-0.9746657507106457,-0.21314885288253896,-1.9746104394083919
0.0,0.6613879270715354,0.00274645507765134,-0.607354006579801,0.0027464516248937748,-0.9999962284946239,-0.5679502223422852,-1.8211571788099683
0.0,0.992081890607303,-0.11026172967780831,-0.6794274583352822,-0.11003844488343865,-0.9939273316735154,-0.7383861730869788,-1.7718599331638052
0.0,1.3227758541430708,0.13182743539300484,-1.0345945741810485,0.13144594045222752,-0.991323340156293,-0.7282093649643042,-1.5021978412514343
0.0,1.6534698176788385,-0.5731877878542387,0.46906677842902467,-0.5423131040258057,-0.8401764678934395,-0.09025904649439409,-1.7321670110436385
0.0,1.984163781214606,0.3996067357144975,-0.2144115884489249,0.3890560918111798,-0.9212140671009159,0.17628356460614614,-1.8983158282633772
0.0,2.3148577447503738,0.057878414844116086,1.6092203952537152,0.05784610566739362,-0.9983255120746523,1.0571079919687785,-0.9599108978582083
0.0,2.6455517082861415,-0.38821806795958097,-2.382224606888586,-0.3785396873046208,-0.9255850609940287,-1.0670029323720476,-0.20031382883930693
0.0,2.9762456718219092,0.5699706448775,0.2559054821943346,0.5396073343952074,-0.8419168157644191,0.7927288413864634,-1.8093513110655095
0.0,3.306939635357677,-0.569972138812531,6.027281544942241,-0.5396085921636293,-0.8419160096251799,-0.7927284352087892,-1.8093509402829444
0.0,3.6376335988934447,0.3882215960345633,8.665405679370696,0.37854295283576256,-0.9255837254718676,1.0670092692012725,-0.2003154087572151
0.0,3.968327562429212,-0.05788595729090692,4.673966619408295,-0.057853635482802916,-0.9983250757450817,-1.0571155873750098,-0.9599121677508016
0.0,4.29902152596498,-0.3996079709784837,6.4975996250726435,-0.3890572297534436,-0.9212135865132343,-0.17628203560453398,-1.8983147669213298
0.0,4.6297154895007475,0.5731855992303705,5.814118926526934,0.5423112651942357,-0.8401776548108307,0.09025756247562211,-1.7321683777773824
0.0,4.960409453036515,-0.13182817728063342,7.317780932964478,-0.13144667590271333,-0.9913232426379032,0.7282091667509318,-1.502196839715939
0.0,5.291103416572283,0.11025811623679226,6.962618453134968,0.11003485338493302,-0.9939277292844567,0.7383870061634099,-1.7718567569589956
0.0,5.621797380108051,-0.0027464896995626725,6.890539357268159,-0.002746486246674529,-0.999996228399536,0.5679502234482077,-1.8211571538845686
0.0,5.9524913436438185,0.22557458677627024,6.272667527462839,0.22366642907515608,-0.9746657521964995,0.21314884327660338,-1.9746104408613125
0.0,6.283185307179586,4.3019659048004094e-15,6.28318530717958,4.3019659048004094e-15,-1.0,-2.1602123929299375e-15,-2.0
0.3306939635357677,0.0,-0.2953438993180182,-0.01624500492825767,-0.29106887652895236,-0.9567021005078715,-0.30731316695666994,-1.956570153317091
0.3306939635357677,0.3306939635357677,-0.2161373515882426,-0.24542907039156123,-0.21445845572509153,-0.9767331113298089,-0.4574310153753063,-1.946766273266566
0.3306939635357677,0.6613879270715354,-0.04699639503106716,-0.2721298521417431,-0.046979097089491696,-0.9988958726697473,-0.3157626167514742,-1.962096484981698
0.3306939635357677,0.992081890607303,0.12825627861272906,0.11321470030494012,0.12790493873459297,-0.9917864319737895,0.24087793779913702,-1.9853844902862856
0.3306939635357677,1.3227758541430708,0.5228330724899465,0.5641405144639103,0.4993367351459026,-0.8664080014253277,1.034026441800511,-1.7114564719864007
0.3306939635357677,1.6534698176788385,0.3347437608619748,1.6399921580816421,0.3285271641996244,-0.9444945221561388,1.3261340877446128,-0.8753538966519985
0.3306939635357677,1.984163781214606,-0.33439760644174554,1.0459546477051345,-0.32820020356989116,-0.9446081866978933,0.5372030797069485,-1.445684186216595
0.3306939635357677,2.3148577447503738,-0.053567747532141774,-0.6541497416162696,-0.05354213240037294,-0.9985655912648007,-0.6620268599688941,-1.7921311753949736
0.3306939635357677,2.6455517082861415,-0.5527798680777057,0.0177855277937417,-0.5250551120076864,-0.8510682283780754,-0.5072705218669578,-1.8509100700478098
0.3306939635357677,2.9762456718219092,0.3730641063531369,11.350206985600698,0.3644704800809138,-0.9312149425076834,-0.5733036161099503,-1.278460884907891
0.3306939635357677,3.306939635357677,-0.08154033379728311,3.903034841275291,-0.0814500059155119,-0.9966774285275869,-0.7714160837868226,-0.2728357252616861
0.3306939635357677,3.6376335988934447,-0.4667220906858197,5.033379517408621,-0.44996137755741283,-0.8930480159020764,-1.3988847401884463,-1.2085546748698581
0.3306939635357677,3.968327562429212,0.33938744547713,7.984369084454114,0.3329095409765839,-0.9429587676705489,1.3244211334563132,-0.8129404536593634
0.3306939635357677,4.29902152596498,-0.9548053795062138,5.91393989164034,-0.8162013104849092,-0.5777676183057656,-1.1771131198378104,-1.51036756783912
0.3306939635357677,4.6297154895007475,1.0765716829204668,6.078755834293215,0.880336763991438,-0.4743492194207588,0.6773282180245964,-1.4535261851753811
0.3306939635357677,4.960409453036515,0.670822543314287,5.661017446077972,0.6216305041621593,-0.7833106129085062,0.03883233488140203,-1.5959275545747489
0.3306939635357677,5.291103416572283,-0.38844999853292145,6.990898996402719,-0.3787543485954041,-0.9254972411736683,0.2713438693692934,-1.6853474283810708
0.3306939635357677,5.621797380108051,0.06573207649865725,6.349642318158195,0.0656847518953511,-0.9978404248017045,0.13209285539711854,-1.995632970268596
0.3306939635357677,5.9524913436438185,-0.2661256426536395,6.523375756247406,-0.26299545127495855,-0.9647970732794958,-0.02510783874793207,-1.9360897602725522
0.3306939635357677,6.283185307179586,-0.29534414682595805,6.266940679160084,-0.29106911332030944,-0.9567020284659842,-0.3073130268890031,-1.9565700873977478
0.6613879270715354,0.0,-0.0268402506109472,-0.7681704450824578,-0.02683702811183722,-0.9996398220970013,-0.7216576453996091,-1.7188229071260082
0.6613879270715354,0.3306939635357677,0.08396899009854449,-0.24253681603977104,0.08387035024196847,-0.9964766752665561,-0.15629561443731366,-1.9672085174401142
0.6613879270715354,0.6613879270715354,0.263355188846452,0.5751687814314346,0.2603215196705508,-0.9655219864904243,0.8042979426854149,-1.8046224877439712
0.6613879270715354,0.992081890607303,0.752505086175749,0.7590340153174358,0.6834695629804473,-0.7299790109854642,1.3716905062907734,-1.4554801710045542
0.6613879270715354,1.3227758541430708,0.5003298941696277,1.211680551626382,0.4797150218815068,-0.877424354449559,1.4159229692763016,-1.2288709069078596
0.6613879270715354,1.6534698176788385,-0.003629094197201619,0.340583123153548,-0.0036290862311487123,-0.9999934148448814,0.33040769125385366,-1.9425534560557502
0.6613879270715354,1.984163781214606,-0.5932913265525628,-1.2163154215821672,-0.559092901616132,-0.829105015883063,-1.496919696445251,-1.176208606905313
0.6613879270715354,2.3148577447503738,0.002057400930332163,2.467836680074484,0.002057399478870888,-0.9999978835514525,0.6259830127870168,-0.21851414791899937
0.6613879270715354,2.6455517082861415,1.0966314697832078,14.044503154218317,0.889674354451489,-0.4565956011957697,1.8853841369223556,-0.5491268342569342
0.6613879270715354,2.9762456718219092,1.0733386506014768,13.058338991854033,0.8787985794510822,-0.47719289260713016,1.3511603189205337,-1.3585976731055083
0.6613879270715354,3.306939635357677,0.8563383689897179,16.643643259497864,0.7554485025707884,-0.6552080280060323,-0.049554181002900766,-0.061936859450574255
0.6613879270715354,3.6376335988934447,0.9541170527614444,-1.0028352922929844,0.8158034242568568,-0.5783292945811987,-0.02719609122139588,-1.1162436157360003
0.6613879270715354,3.968327562429212,-0.275684708405148,14.482789915333761,-0.27220585387268864,-0.9622390415678634,0.668658728335676,-0.6234561642764049
0.6613879270715354,4.29902152596498,0.24614474177840445,5.3835816056754275,0.24366672234572748,-0.9698590250244054,-0.5394137826810554,-1.591779375750283
0.6613879270715354,4.6297154895007475,-0.7821714936845382,6.826253488491446,-0.7048215041293342,-0.7093846962804194,-0.18805633082640594,-1.5655118805592476
0.6613879270715354,4.960409453036515,0.03356308155840997,6.536778071152228,0.03355678055415073,-0.9994368126494244,0.28444020922350605,-1.9674541189095494
0.6613879270715354,5.291103416572283,-0.5093174431718706,6.925174891924813,-0.487581435489319,-0.8730775130343096,0.11120866032133259,-1.6739835132360004
0.6613879270715354,5.621797380108051,-0.02763335326996017,6.502564842815831,-0.027629836589278787,-0.9996182231882579,0.1899942349338668,-1.9756508883658577
0.6613879270715354,5.9524913436438185,-0.4630875123980776,6.455944805342403,-0.44671255974779855,-0.8946775335077827,-0.27481113892592857,-1.8797916901005212
0.6613879270715354,6.283185307179586,-0.026839931879484642,5.515014453951338,-0.02683670949517333,-0.9996398306507558,-0.7216576203144365,-1.7188226320915923
0.992081890607303,0.0,0.20280670008829618,-0.9314239916124104,0.20141929761927838,-0.9795051130783119,-0.6010511408100553,-1.5761969895497727
0.992081890607303,0.3306939635357677,0.8691324217547294,0.35391278356900396,0.7637692119592028,-0.6454894196369282,1.110339947293948,-1.583513260170597
0.992081890607303,0.6613879270715354,0.653794865039396,1.111040100251184,0.6082030714209241,-0.7937814711330533,1.504363765085642,-1.2375111310954812
0.992081890607303,0.992081890607303,0.38759390576653063,0.7309124735340015,0.37796189840515837,-0.9258211508460847,1.045511207614395,-1.6703867421637812
0.992081890607303,1.3227758541430708,-0.2649849123657396,-0.45435201997986124,-0.26189470715703417,-0.9650964523627321,-0.7007748735441915,-1.8636420547402526
0.992081890607303,1.6534698176788385,-0.8223924507714493,-1.7777254729372594,-0.7327759163507019,-0.6804700260969538,-1.7114423684740672,-0.4750144944404294
0.992081890607303,1.984163781214606,-0.6944475276634714,-1.6287501712952337,-0.6399610133984854,-0.7684073797992725,-1.638282159321225,-0.7104859709463395
0.992081890607303,2.3148577447503738,0.15012389822203562,-13.467053489041582,0.14956063830484714,-0.9887525552279735,-0.6341905703596651,-1.609827464491676
0.992081890607303,2.6455517082861415,-0.4226087815626964,-2.508580362146398,-0.41014111239494516,-0.9120220764452125,-1.001717208087321,-0.10577290713998766
0.992081890607303,2.9762456718219092,0.902929045080422,3.458942564906468,0.7851442704456987,-0.6193129052315086,0.4730943695195231,0.3307528079336197
0.992081890607303,3.306939635357677,0.8296725082084965,9.336758492516534,0.7377103152703136,-0.6751173903431716,0.8256161734769468,0.32101139655787725
0.992081890607303,3.6376335988934447,0.56840759528116,12.067362332106029,0.5382907180283247,-0.8427592199937954,0.05973572924088982,-1.720816805068179
0.992081890607303,3.968327562429212,0.06392519090353713,-6.093539896095915,0.0638816621616948,-0.9979574806771374,0.2523923374550065,-1.9800286213285974
0.992081890607303,4.29902152596498,-0.45133812613338564,14.012006174258845,-0.43617005613046583,-0.8998642576161953,0.5560075547069825,-1.024698501927974
0.992081890607303,4.6297154895007475,-0.7985787274784585,5.181606487065427,-0.716365156596209,-0.6977255638249819,-1.6082875522963258,-1.1499140643958876
0.992081890607303,4.960409453036515,-1.0938183831355723,6.983892721330367,-0.8883863929591349,-0.4590965223186269,-0.24362780677463425,-1.2234827895561826
0.992081890607303,5.291103416572283,-0.8364528270339865,7.109596580299556,-0.7422708341369482,-0.6700999990968804,-0.006766154498583421,-1.34761964178635
0.992081890607303,5.621797380108051,0.8141822408939854,5.459994203607473,0.727164480211846,-0.6864632682949874,-0.006154661674002693,-1.366347843898672
0.992081890607303,5.9524913436438185,-0.10637042805882516,5.814587867788061,-0.10616995049682285,-0.9943479982438251,-0.5578053122715866,-1.886550609759045
0.992081890607303,6.283185307179586,0.20280603133769928,5.351762351629589,0.2014186425746043,-0.9795052477773684,-0.6010511776442731,-1.576197955657968
1.3227758541430708,0.0,0.3054348524209407,1.4334264720890575,0.30070792946050723,-0.9537162791729911,1.2912875189273736,-1.0906545022213954
1.3227758541430708,0.3306939635357677,-0.3370136016689636,0.6927095753590922,-0.3306701682523407,-0.9437463853323989,0.30795442394810063,-1.7132648258111312
1.3227758541430708,0.6613879270715354,-0.8502844567355656,-0.0462515536204075,-0.7514681113938025,-0.6597694124148463,-0.7977031765094522,-1.6586999999702337
1.3227758541430708,0.992081890607303,-1.1401521536868215,-1.0185471943840314,-0.9086970241412409,-0.41745624718867613,-1.7600437981166386,-0.9420595930050014
1.3227758541430708,1.3227758541430708,-1.141019056583926,-1.2408949623747798,-0.9090585766737547,-0.41666833834104483,-1.8551328777720903,-0.7406180517246128
1.3227758541430708,1.6534698176788385,0.7632941486401833,-10.36569132708736,0.691305420468377,-0.7225626724589643,1.4994018764675867,-0.1335124897058162
1.3227758541430708,1.984163781214606,-0.3418141295405644,12.626520624914814,-0.3351968215270845,-0.9421481257414568,-0.27508307510525437,-1.9403396592114275
1.3227758541430708,2.3148577447503738,-0.41640625132273035,-1.1697388866285068,-0.4044764148350271,-0.9145484294679004,-1.3251251073621604,-1.3049405207659694
1.3227758541430708,2.6455517082861415,1.8462769511964265,-12.516698939232853,0.9622945743891815,0.272009470609286,1.0119458264188612,-0.7267571453585713
1.3227758541430708,2.9762456718219092,0.7662701660547216,-15.070637531899882,0.6934527150574722,-0.7205021387750493,0.09840442238519365,0.08318780727865516
1.3227758541430708,3.306939635357677,-1.1851633965747264,-40.34968345975927,-0.9265605443239194,-0.37614566021976403,-1.3980870814347899,0.5057062121489637
1.3227758541430708,3.6376335988934447,-1.0881723532821508,-11.52406490192059,-0.8857801742610181,-0.46410503432533506,-0.022211042111141666,-0.9683354915548734
1.3227758541430708,3.968327562429212,0.8094549509280581,30.500921879820122,0.7239112563226966,-0.6898931025668361,-0.06865416977593386,-1.2996799877596028
1.3227758541430708,4.29902152596498,1.4063962116033037,25.782600306283857,0.9865167103314157,-0.16366056408579788,1.5915909239916397,-0.9598296390714203
1.3227758541430708,4.6297154895007475,-1.313980015734401,-5.041516131838851,-0.967203543661492,-0.25400256913789754,-0.020878720060950928,-0.5772197225153209
1.3227758541430708,4.960409453036515,0.8525212639803342,26.375202090390584,0.7529420072528259,-0.6580868739870789,1.6995224208663857,-0.9805547337238008
1.3227758541430708,5.291103416572283,-1.1514965702830202,7.155776628927554,-0.9133742480285062,-0.4071209685564732,-0.14737692603078223,-1.049964730828703
1.3227758541430708,5.621797380108051,0.366407612464208,7.006921694267073,0.3582638246672651,-0.933620389631023,1.0204529246277658,-1.6829571603112705
1.3227758541430708,5.9524913436438185,0.1486941718911318,7.047902613451014,0.14814684036377468,-0.9889653753748057,0.8404798809892374,-1.7105434798501986
1.3227758541430708,6.283185307179586,0.3053757198319772,7.716889300685199,0.30065153322207877,-0.9537340591439593,1.2912690878318014,-1.09039736987165
1.6534698176788385,0.0,-0.3320903087714745,-13.950632414273715,-0.32601983962858966,-0.945362927223481,-1.3086726621738347,-1.130817585681723
1.6534698176788385,0.3306939635357677,0.052002467963287856,0.7300145149856637,0.05197903312869129,-0.9986481763439046,0.7188594842579061,-1.7438128990070851
1.6534698176788385,0.6613879270715354,-0.6213366233169917,0.6499841013583691,-0.5821224901081987,-0.8131011047282066,0.023051258900334548,-1.609194524818435
1.6534698176788385,0.992081890607303,-0.9240930040871893,19.990073609693233,-0.7980745732688739,-0.602558690503842,0.11077498480807424,-1.019682749727637
1.6534698176788385,1.3227758541430708,1.6238638975974247,1.3197808235640178,0.9985922468834146,0.05304266645195635,1.967252929523406,-0.1953450987608781
1.6534698176788385,1.6534698176788385,-0.7571687349953014,-25.673715023256726,-0.6868664838044571,-0.7267836221504317,-1.2018374635836575,-1.5839912341005649
1.6534698176788385,1.984163781214606,0.10232924908915911,-32.51177694556019,0.1021507562787963,-0.9947689294462659,-0.7871666982183678,-1.452059280456086
1.6534698176788385,2.3148577447503738,0.692826969336769,8.63932208101425,0.638714924630304,-0.7694434644952838,1.345862516266982,-0.06237749611436516
1.6534698176788385,2.6455517082861415,1.2105340937544193,31.749118504743382,0.9358044135567014,-0.3525196442296489,1.2628655237291948,-1.297522834813012
1.6534698176788385,2.9762456718219092,1.1380216215989754,33.18744215026836,0.9078055585212101,-0.4193913064406482,1.8877289824627201,-0.22001707738697165
1.6534698176788385,3.306939635357677,8.282982593856762,-31.373395573801574,0.9093817666503843,0.4159625012952802,0.9518999076525377,-0.5831331936637767
1.6534698176788385,3.6376335988934447,0.06769794058399004,-10.336056136434983,0.0676462423625619,-0.9977093694529613,0.8579338118016914,-0.38497324550563516
1.6534698176788385,3.968327562429212,0.19220015626604814,22.348872832057147,0.19101899890130783,-0.981586339584421,-0.15912446328528992,-0.044890254459697854
1.6534698176788385,4.29902152596498,-0.4453894075676888,34.50142534245123,-0.43080933107886743,-0.9024429734090563,-0.3747448961469276,0.09598417923442137
1.6534698176788385,4.6297154895007475,1.913969754595508,-12.91178316439115,0.9416916230259629,0.3364771717705791,0.6031067338612385,-0.6044586777055216
1.6534698176788385,4.960409453036515,1.353198126865375,20.700700088483845,0.9764187779498444,-0.2158850853276632,1.9373780305318724,0.06080484017919413
1.6534698176788385,5.291103416572283,-1.0769523970575936,-5.10467043581732,-0.880517291641407,-0.4740140284005119,0.043521978950490925,-0.8563115910451005
1.6534698176788385,5.621797380108051,0.131635834691476,30.104353053894297,0.13125599979322908,-0.991348507094392,-0.8353334779757728,-1.2476779464224725
1.6534698176788385,5.9524913436438185,0.9357349317124564,4.6582842665883115,0.805035276773789,-0.5932269406810086,-0.19350142021399142,-0.5391486199902416
1.6534698176788385,6.283185307179586,-0.33810628700083695,-7.652044755360811,-0.3317011884757347,-0.9433845035635179,-1.3113811298208589,-1.1439517305125237
1.984163781214606,0.0,-0.14215003286188502,-20.01886162132869,-0.1416717874074347,-0.9899136854558496,-1.0621512808437745,-1.3807045530093007
1.984163781214606,0.3306939635357677,-1.074592956995293,5.924043941369875,-0.8793964340904015,-0.47609023483903357,-1.2308669445952893,-1.412289188184653
1.984163781214606,0.6613879270715354,-0.6094730144388857,6.944565643544164,-0.572435437903281,-0.8199497968976387,0.04177128463433599,-1.6090949685800098
1.984163781214606,0.992081890607303,-1.3829174763198349,-27.345570723023968,-0.982402623619355,-0.1867754938577536,-1.783282526132082,0.41204950708259214
1.984163781214606,1.3227758541430708,-1.9325082607786281,-1.4066916104143652,-0.9352923823164875,0.3538759098621286,-1.9218573947412994,0.19050676877596448
1.984163781214606,1.6534698176788385,0.5518095981851373,-29.592513900452257,0.5242290991091012,-0.8515772728574079,1.4924909203041166,-0.6016391892924732
1.984163781214606,1.984163781214606,19.736046284892574,10.47751952728122,0.7748579587428327,-0.632135384053836,-0.09392612940899348,-0.1369443015672872
1.984163781214606,2.3148577447503738,-0.09874858777271271,-35.545394491328054,-0.09858817842201059,-0.9951283188993416,0.7362701136656413,-0.44466339528250587
1.984163781214606,2.6455517082861415,12.253104784245075,8.334304107551512,-0.3081671637436843,-0.951332223353216,0.578678801336697,-0.48926703940116045
1.984163781214606,2.9762456718219092,34.0455662959089,57.73162654607009,0.4898806920412207,0.8717894858079069,1.4156097289336071,0.4936020319516287
1.984163781214606,3.306939635357677,1.9791963903389609,43.67944558851984,0.917757398318878,0.397141483392209,0.6195141958671948,-0.5573484286505345
1.984163781214606,3.6376335988934447,12.13234300499234,55.181603365905836,-0.4205283703400588,-0.9072793890192449,-1.3998467054207344,-1.1096048658500517
1.984163781214606,3.968327562429212,-0.4729594616504395,73.19673703190722,-0.45552286040395296,-0.8902240861993124,-1.2631434734147027,-0.3005216651086908
1.984163781214606,4.29902152596498,-1.636422321066869,37.03190087191633,-0.9978473871718637,0.06557889839182074,-1.6166448605873098,-0.7199716645222799
1.984163781214606,4.6297154895007475,1.9946701977516834,18.272328509652013,0.9115024815889397,0.41129457333789954,0.36579981462181166,-0.4266843042389543
1.984163781214606,4.960409453036515,1.6432758139413726,6.586915630903622,0.9973745116413799,0.07241604468706464,1.296456368281502,-0.8818114140609519
1.984163781214606,5.291103416572283,-1.5399473594453503,5.0149429911409,-0.9995242083411382,-0.030844074633889607,-1.954102820686416,-0.3288032544773106
1.984163781214606,5.621797380108051,-1.0812884646910799,47.91569151051154,-0.8825643645848874,-0.4701916017591913,-1.5941846061572726,0.23237272396796949
1.984163781214606,5.9524913436438185,0.43627763430406613,25.049485057003096,0.42256870538233554,-0.9063308938966479,0.3394086832805522,-1.9028671003257123
1.984163781214606,6.283185307179586,0.7750515543110325,21.095867700981362,0.699752905900916,-0.7143849597263536,1.480137648357603,-0.08908530856635954
2.3148577447503738,0.0,-1.5218535687153265,-11.287090382256974,-0.9988025422762913,-0.04892322089169208,-0.040993298530580535,-0.33632790525725625
2.3148577447503738,0.3306939635357677,-1.9679628255341366,-11.925162139338283,-0.9221607124180091,0.38680695504697155,-0.32399639467938945,-0.41456652154449364
2.3148577447503738,0.6613879270715354,1.7179980800081271,-12.575870625726617,0.9891853710365948,0.14667072552896945,0.9796855025648519,-0.853284149702418
2.3148577447503738,0.992081890607303,-0.47373427345429425,-18.601071185645473,-0.4562124797322307,-0.8898708745298775,-0.210276962153876,-1.8591570661128727
2.3148577447503738,1.3227758541430708,6.296744247889953,-20.514238596848116,0.013558525257229928,-0.9999080789716868,-0.9820373879893335,-0.9061595988413853
2.3148577447503738,1.6534698176788385,-5.991808995357785,46.208351776983946,0.28727079623230234,-0.957849408640032,1.0801613520889917,-0.3484853414082414
2.3148577447503738,1.984163781214606,7.603255793790713,36.678270416272,0.9687325907583387,-0.24810716959136225,0.11618449636628592,-0.7707559491254576
2.3148577447503738,2.3148577447503738,-24.128324634277536,-61.30333738368755,0.8438490662282767,-0.5365806122342341,1.8429553731706836,-0.5788486548658106
2.3148577447503738,2.6455517082861415,0.6922760258211809,-26.48679104709713,0.6382909078270099,-0.7697952435455623,-0.3383113834591105,-0.9848486430878611
2.3148577447503738,2.9762456718219092,30.512814826569077,2.833431228910778,-0.7852573836727976,-0.6191694771121656,-0.48195019884556595,0.3337233561236498
2.3148577447503738,3.306939635357677,7.746140112507558,-44.34765851032354,0.9941907364439246,-0.10763261387277881,0.6369039102553813,-1.0416273268300404
2.3148577447503738,3.6376335988934447,53.10492848670524,88.60282268455181,0.29757027275119546,0.95469991765726,0.8933437720234156,0.1515474180876366
2.3148577447503738,3.968327562429212,-27.984259884870447,-5.860561420121673,-0.28602313191336004,0.9582227131572663,0.12413175697990592,0.046206832200715864
2.3148577447503738,4.29902152596498,21.586413745930727,36.768749273358715,0.3937750274008759,0.9192068471217125,-0.40806161728780566,0.32166354723927126
2.3148577447503738,4.6297154895007475,-10.846821429252556,7.476935589150192,0.9889566794639822,0.14820487894659262,1.9187129441956747,-0.21997074245190645
2.3148577447503738,4.960409453036515,-6.406328686450409,19.662219295357225,-0.1228323848077587,-0.9924274307184575,0.6032886105797077,-1.6799943729557316
2.3148577447503738,5.291103416572283,-1.0518175761083854,16.116788559097515,-0.8683261655430666,-0.49599361914572543,-1.2658578687982334,0.42159482068285375
2.3148577447503738,5.621797380108051,-1.3067913840527756,59.559747195042185,-0.9653526377687042,-0.2609488163472006,-0.8352096197117553,0.7305464155379703
2.3148577447503738,5.9524913436438185,1.7668821388140106,19.050432745488937,0.980836697236824,0.194831653879853,1.180365297399495,-0.7850603492088164
2.3148577447503738,6.283185307179586,-0.13414935423824986,19.838650410123886,-0.13374735639664953,-0.9910154613611776,0.7017814345896745,-1.5404621279567003
2.6455517082861415,0.0,0.0886705525483124,-4.843528966621073,0.08855440333810552,-0.9960713416464867,1.0799678716452596,-1.126835766698484
2.6455517082861415,0.3306939635357677,0.7865214514467384,30.982693685806378,0.7079006195112406,-0.7063120506515528,0.28809345061671265,-1.6139253719204516
2.6455517082861415,0.6613879270715354,-1.0990553983989353,28.5357185803527,-0.8907784949028787,-0.4544377548339949,-1.149196958218782,0.5115953180043253
2.6455517082861415,0.992081890607303,7.224186012615563,48.66580971907499,0.8081479000404328,-0.5889796020748415,-0.19143520535715186,-0.5601072034262844
2.6455517082861415,1.3227758541430708,7.3920417000823,6.312032662797531,0.8951895820104914,-0.4456855531200015,0.9240329368112751,-1.4452694970105764
2.6455517082861415,1.6534698176788385,28.087726486734994,43.8805972606454,0.18552626259245666,0.9826393060978554,0.08400159375657278,-0.012193715880086442
2.6455517082861415,1.984163781214606,6.7404339122559325,10.184910533148777,0.44148103540192263,-0.8972705809177332,-0.24753649688891677,-0.17252590850141092
2.6455517082861415,2.3148577447503738,25.17803915802966,44.83550617043716,0.04528243974557476,-0.998974224217366,0.7986768722162451,-1.6565431020713872
2.6455517082861415,2.6455517082861415,28.991101558572957,22.25596949023803,-0.6569511521053943,0.7539331427569657,-0.9186875825710799,1.7190725321547258
2.6455517082861415,2.9762456718219092,-23.282328204431458,-12.513618172461525,0.961161295521852,0.275987253312096,1.013889274064101,-0.7226216592652193
2.6455517082861415,3.306939635357677,-26.799801771888077,16.794231389118593,-0.9953701772832398,0.09611560838454702,-1.8802649824051818,0.5619065312976071
2.6455517082861415,3.6376335988934447,5.391854694113641,24.443727353928228,-0.7779085632313498,-0.628377487861665,-1.4136848909401563,-1.4002508331231167
2.6455517082861415,3.968327562429212,32.36961151829638,-0.7844436096626473,0.8155534691673428,-0.5786817250692404,0.10912198144539742,-1.28646315542395
2.6455517082861415,4.29902152596498,8.440374808753797,28.452544814539817,0.8329419667925309,0.5533603527140253,0.6556728419831477,1.5375227668456133
2.6455517082861415,4.6297154895007475,17.153678079135847,-34.253006489903115,-0.9921875009961695,0.1247556125670348,-1.2920158305535605,1.0787487848669337
2.6455517082861415,4.960409453036515,-5.679819597037236,-51.75227998536379,0.5674171104671233,-0.8234305208996934,-0.4290570642847997,-0.9073305748476733
2.6455517082861415,5.291103416572283,-16.826130238152253,-49.01569112418564,0.8993003115502756,0.4373316243373868,1.8482191129538514,0.12181124727308268
2.6455517082861415,5.621797380108051,1.2827536542613842,-3.3031441784249456,0.9588017417213842,-0.28407608148529523,1.1196514636115087,0.7029028275942604
2.6455517082861415,5.9524913436438185,-1.888768540552859,26.686857601615703,-0.9498713398011379,0.31264106867843056,0.04998955299310548,0.2959618882219901
2.6455517082861415,6.283185307179586,-0.736498143583396,-7.386297279903774,-0.6716977716611158,-0.7408252854388082,-1.5643123928125338,-1.1916458019492153
2.9762456718219092,0.0,0.9167135871714789,-40.80834338858626,0.7936063520382456,-0.6084315557271402,0.761250891976346,0.39104486930958005
2.9762456718219092,0.3306939635357677,1.4523506076847548,-35.257181098418265,0.9929935029671306,-0.11816895982053485,1.636952567077845,0.6468909879937869
2.9762456718219092,0.6613879270715354,-5.796468549523262,54.98211410480978,0.46772644417715575,-0.8838732790493182,-0.5322645557247574,-0.8881159333095707
2.9762456718219092,0.992081890607303,-1.5956176370118602,12.936577169443696,-0.9996919670949008,0.024818761571191547,-0.637883965891795,-0.9074338706403852
2.9762456718219092,1.3227758541430708,11.069630426279836,10.089645265101888,-0.9972590971666311,-0.07398846611733324,-1.6142138040143292,0.7130101931562839
2.9762456718219092,1.6534698176788385,11.19716257533329,57.54906985595998,-0.9797497977195749,-0.20022570731165384,-0.13806163006080208,-0.7401896213125967
2.9762456718219092,1.984163781214606,14.868418820320226,24.5157459105068,0.7443389784412029,0.667801980510021,0.16575188282449116,-0.14781862540048318
2.9762456718219092,2.3148577447503738,2.499343157178882,-33.814530988197156,0.5989982403955219,0.8007503406200142,-0.07749335017569725,1.5372006973219592
2.9762456718219092,2.6455517082861415,-10.298569026593613,-13.87156938606508,0.7667680185256676,0.641924299093142,-0.19816780484514995,0.3794383818029328
2.9762456718219092,2.9762456718219092,-18.25709564535448,-113.53603477014904,0.5584036805993825,-0.82956936388289,0.13364143948500945,-1.7348743061667014
2.9762456718219092,3.306939635357677,31.809077392630922,47.527991559638366,0.3831007790053749,-0.9237065514141788,-0.010092244115560256,-0.004250600011927119
2.9762456718219092,3.6376335988934447,-35.63545811494226,14.983538749991377,0.8809844913885886,0.473145142564932,1.543689076291162,1.2220260631051125
2.9762456718219092,3.968327562429212,29.569042700543108,36.827426891374,-0.9621293189500945,0.27259342181466417,-1.7275436720622799,-0.3709443533390986
2.9762456718219092,4.29902152596498,-23.18938564748517,9.465198681214481,0.9313988274477314,0.36400030800672556,0.8909891128990489,1.3631835019056693
2.9762456718219092,4.6297154895007475,28.756200594805087,54.85135335031704,-0.4634341345257337,0.886131368904399,-1.4554413913688726,1.0123122009295147
2.9762456718219092,4.960409453036515,7.853982692561138,29.400379124562754,0.9999999999994397,1.0585866544721779e-06,0.09728221494563416,0.43023425180581015
2.9762456718219092,5.291103416572283,0.5995664187228558,58.13032815561389,0.5642845702619249,-0.8255803557282081,1.5642255568968633,-0.8147165052346643
2.9762456718219092,5.621797380108051,11.158466321369605,-16.334005001009903,-0.9867624018662895,-0.1621726310542919,-0.40082063946186186,0.6481805333563824
2.9762456718219092,5.9524913436438185,0.2333867030742834,-23.029967418815275,0.23127372878262933,-0.9728887204480166,1.093079429329222,-0.4656501823760394
2.9762456718219092,6.283185307179586,-1.7452066065584304,-6.469331568234903,-0.9848290427619064,0.17352739418508856,-1.1699021567421855,-0.8091973599966928
3.306939635357677,0.0,5.63644618885171,69.78259289278293,-0.6025872576920904,-0.7980530037955663,0.016480049321505152,-1.5833909370363686
3.306939635357677,0.3306939635357677,6.542356572078653,-1.0904209806848022,0.25627958240606236,-0.9666026979280444,-0.6305419508780226,-1.4287147710268382
3.306939635357677,0.6613879270715354,-7.084726104087044,16.637877494583023,-0.7184287224966599,-0.6956005827282041,-1.5199973821987767,-0.09769784499960676
3.306939635357677,0.992081890607303,7.059034601636781,-16.79152439330874,0.7003225767450247,-0.7138265114866559,1.5839532471545694,-0.24564189158593897
3.306939635357677,1.3227758541430708,-18.330309826104596,-74.64308744255436,0.49622574385743806,-0.8681935332246677,1.1816136284916265,-1.5963717034527187
3.306939635357677,1.6534698176788385,12.406620172202283,16.656347072493826,-0.1590718313442062,-0.9872670117414034,-0.9715461606212269,-0.4042700441113347
3.306939635357677,1.984163781214606,26.626973352201787,-50.47790598983974,0.9970703929371133,-0.07648942102167088,0.7862408179935967,-1.0540122546829291
3.306939635357677,2.3148577447503738,10.56681611978978,40.925445089532936,-0.9094827322587181,0.41574169832146607,-0.994121941617378,1.4121533623635631
3.306939635357677,2.6455517082861415,24.592215124870435,-56.21440718431916,-0.5145871643173185,-0.8574380737521871,-0.1865163998461964,-1.8020912235904403
3.306939635357677,2.9762456718219092,7.2736781266433335,3.091879158581211,0.8362962821091895,-0.5482777840933799,0.885989302397727,0.45048675459159115
3.306939635357677,3.306939635357677,24.772010430005373,66.47172653947202,-0.3529580913394547,-0.9356391322288787,-0.8308741946134612,-0.0572336460031897
3.306939635357677,3.6376335988934447,21.834539021232217,32.585841455046186,0.15597015644006837,0.9877617679886485,1.0766875564060905,0.5975317468475168
3.306939635357677,3.968327562429212,21.605877373827767,38.292638613339406,0.37581047187371314,0.9266965464649456,0.9350985655520954,0.09772318846747585
3.306939635357677,4.29902152596498,-23.019289172833517,29.96729012731604,0.8563402523959057,0.5164120177983047,-0.13620749923446662,0.3945557059655042
3.306939635357677,4.6297154895007475,-26.2958442987034,-58.59193646534409,-0.9180378713257416,-0.39649270713558055,-1.8084837315018258,0.05859648202987677
3.306939635357677,4.960409453036515,-2.3402504518794975,-31.952925826908267,-0.7182905653952623,0.6957432455037954,-1.229850512056211,-0.16350434452613727
3.306939635357677,5.291103416572283,9.08861089249298,7.236801752694349,0.32987113703624465,0.9440259704851425,1.145384943246085,0.36528835128181225
3.306939635357677,5.621797380108051,4.5168970097438255,1.3413331388039702,-0.9809522233830505,0.19424915814450722,-0.007163587600444332,-0.03320565675430001
3.306939635357677,5.9524913436438185,4.835146827223904,43.97440955573212,-0.9924747128304279,-0.12244976272806656,-1.0003622255690032,-1.122418655815646
3.306939635357677,6.283185307179586,5.411457468423051,17.92395349088719,-0.765441951846947,-0.6435049481959996,-1.5644251337106634,-1.2448583177707708
3.6376335988934447,0.0,4.030102719457789,38.44678680001472,-0.776133102900231,0.6305691132480717,-0.09619739188203813,-0.1027026159779939
3.6376335988934447,0.3306939635357677,6.900642743387436,-3.5512370359657766,0.5789639467839292,-0.8153531433215767,0.9772471052424363,0.10190937400283451
3.6376335988934447,0.6613879270715354,8.220133353223044,-61.885951702453696,0.9337120363448106,0.3580249058163791,1.7447366114838094,-0.22698717826445963
3.6376335988934447,0.992081890607303,18.1223152409237,29.57689342109855,-0.6648109247204793,-0.747011669502091,-1.6290506267701783,-0.4819799789609263
3.6376335988934447,1.3227758541430708,18.229444426959624,33.578162884289206,-0.581125899961674,-0.8138136693333029,0.24901274598201728,-0.25625665116316554
3.6376335988934447,1.6534698176788385,9.292855996570703,56.545793292387415,0.13153964847618743,0.9913109102994686,0.12866518020575407,-0.008684958408078702
3.6376335988934447,1.984163781214606,4.97823839675348,74.78446022120002,-0.9648696827275386,-0.26272893893375937,-1.5408177951892161,-1.080215190654136
3.6376335988934447,2.3148577447503738,-1.1512954230899517,8.626983510397055,-0.9132923383113447,-0.4073046829853498,-0.1974746121598291,0.29098249499178713
3.6376335988934447,2.6455517082861415,59.170949371267795,33.30738903678598,0.49628213328652904,0.8681613007849243,1.4453077846616171,1.183360147597678
3.6376335988934447,2.9762456718219092,1.1907924985218812,6.011833109164584,0.9286632155848812,-0.3709240245920294,0.6606288140513135,-1.3343333662503623
3.6376335988934447,3.306939635357677,29.20670249965172,14.865669726700359,-0.8030337308163122,0.5959335761401892,-0.05686171719856281,1.2616867782305983
3.6376335988934447,3.6376335988934447,5.508185820947771,40.83390548886981,-0.6997157082997134,-0.714421393547695,-0.6929167528844873,0.2855554932878267
3.6376335988934447,3.968327562429212,26.324617612914867,20.35607319352392,0.9290647092422902,-0.36991724215091515,1.9269995220234426,-0.4341520414379537
3.6376335988934447,4.29902152596498,-17.59841239107718,-0.8995461635123342,0.9493445795281609,-0.31423696364447545,0.1662998598456551,-0.9362023702205533
3.6376335988934447,4.6297154895007475,-10.02240158080113,-11.472308573129268,0.5626795699000743,0.8266750883007588,1.4511777990704207,0.36779504214364095
3.6376335988934447,4.960409453036515,18.694695612360206,15.874550447804461,-0.15424208164300937,-0.9880330866172606,-0.320059828431593,-0.001876671615077985
3.6376335988934447,5.291103416572283,5.629625587213065,-43.70352917100644,-0.6080164008060198,-0.7939244651419262,-0.33284500192028155,-1.7553196498788095
3.6376335988934447,5.621797380108051,7.419218032907865,-12.777708003521756,0.9069696379278385,-0.4211960064827841,0.6972019169523143,-1.3989472546214579
3.6376335988934447,5.9524913436438185,6.6506805245739375,-27.892512837210504,0.3592790227133856,-0.9332301880233593,-0.013331970922833114,-0.005242554796800802
3.6376335988934447,6.283185307179586,5.092735605698896,54.39870284952293,-0.9285360093657158,-0.3712423457947536,-1.7654540036417157,0.17608595683268896
3.968327562429212,0.0,5.1111098850140895,11.8213036781678,-0.9215583435990155,-0.3882398992157284,-1.599579356520393,-1.1232824190994894
3.968327562429212,0.3306939635357677,7.415120917557931,-45.78515311217488,0.9052363417862038,-0.42490842014430724,-0.06795843784361211,-0.19492598407304093
3.968327562429212,0.6613879270715354,7.294119065335373,-18.350647454396988,0.8473281046540383,-0.5310697534819651,1.325795447642038,-1.4091751012017042
3.968327562429212,0.992081890607303,5.244724891037697,-26.593920043613107,-0.8616238369284199,-0.5075474003841883,-1.855621851071317,-0.6169455168212511
3.968327562429212,1.3227758541430708,20.437831698113467,30.96580352048553,0.9998472383072118,0.017478559707299994,0.5647709386157395,-0.882915028367813
3.968327562429212,1.6534698176788385,-1.360756116521394,-25.777969632412166,-0.9780225317038909,-0.20849922656813824,-1.579403471873111,-1.0074616567243908
3.968327562429212,1.984163781214606,-21.027528342110152,-23.11200497949875,-0.8212624715638215,0.5705505698891933,0.07921076083846956,1.0054620065368969
3.968327562429212,2.3148577447503738,17.240783415811237,-17.32653043801354,-0.9992789915756923,0.0379670514455279,-0.0004198013352113561,-0.009785624627448787
3.968327562429212,2.6455517082861415,-0.1402921440789994,-3.0337094793972343,-0.1398323944254713,-0.9901751872619509,-0.24750641895884273,0.004011065127804803
3.968327562429212,2.9762456718219092,37.91406591484452,58.95683515847238,0.21330255727631364,-0.9769861918468372,0.8827206911757053,-0.2341003580832257
3.968327562429212,3.306939635357677,-33.35003689781432,6.166648911807359,-0.9347242372408617,0.35537388805944814,-1.0509970367531187,-0.6378434275838014
3.968327562429212,3.6376335988934447,-14.658483248016362,32.75721980914346,-0.8671643813120324,0.4980220233922593,0.10661518608355613,0.27052838804643187
3.968327562429212,3.968327562429212,-2.154186003349324,64.30828656495893,-0.8346002241482103,0.5508561208262618,0.16095090632540165,0.456633264720574
3.968327562429212,4.29902152596498,20.46186158919796,-63.65068754055817,0.9991386110040869,0.04149742161657828,0.268788427842521,-0.6415754953958496
3.968327562429212,4.6297154895007475,0.2171671826075689,-17.42296716418363,0.2154642118807915,-0.976511737460738,1.2050843072800113,-1.1202200071672492
3.968327562429212,4.960409453036515,-1.1747011511264602,-7.274060519190576,-0.9225745783564829,-0.385818801214194,-1.7590804566557008,-0.9337767517641007
3.968327562429212,5.291103416572283,5.907555475128225,7.5358265628429475,-0.3668585199235848,-0.9302767471884249,0.582955635272844,-1.2430915016174546
3.968327562429212,5.621797380108051,5.97559777918954,20.715812216655678,-0.3027602728670813,-0.9530667432942199,0.653908037121919,-0.6618868252662247
3.968327562429212,5.9524913436438185,6.295667414327484,30.970105663712136,0.012481783025468448,-0.9999220995120095,-0.41871688015410197,-1.9021791099431566
3.968327562429212,6.283185307179586,5.558432098877256,8.171909043809237,-0.6629506990276621,-0.7486630554920779,0.2869346473665223,-0.43606454508999637
4.29902152596498,0.0,7.884061961377297,7.536254743940783,0.9995476210635686,0.030075791363829932,1.949495630551863,-0.28233224193433515
4.29902152596498,0.3306939635357677,5.877049548239999,-7.889326886991032,-0.39506238477843175,-0.9186542941352739,-1.3944378063502296,-0.8833164000526975
4.29902152596498,0.6613879270715354,4.536071495153988,-43.64972081758211,-0.9844962994435131,0.17540534878397668,-0.6580170293589548,-0.7697990133542087
4.29902152596498,0.992081890607303,5.8404009556368965,18.954843913911237,-0.42845695742928386,-0.9035621924529826,-0.323363386678136,-1.898024530295283
4.29902152596498,1.3227758541430708,7.579962678818633,12.52976436982282,0.9626911341654101,-0.27060262415452724,0.9260930645804879,-1.2699326904002384
4.29902152596498,1.6534698176788385,5.722466845356425,-24.113045596786744,-0.5317947812244532,-0.8468732553708589,0.3201539053741117,-1.3704985368489213
4.29902152596498,1.984163781214606,5.22495685749001,-15.75884988931169,-0.8714880524138929,-0.4904167355421711,-0.8206233895865858,0.5082888197019482
4.29902152596498,2.3148577447503738,6.682345538404646,-83.03586270259306,0.388644726825825,-0.921387690557281,-0.5880443429091364,-1.1360466318112055
4.29902152596498,2.6455517082861415,8.07580061775289,-99.79045308945439,0.9754988789286859,0.2200044027033938,1.6501646691998135,-0.5181189416218179
4.29902152596498,2.9762456718219092,1.6063727232798282,-15.419915178205652,0.9993672267515004,0.03556889223767351,0.7152859512401807,0.9943690950452562
4.29902152596498,3.306939635357677,-5.2773068127664144,-50.640956249663816,0.844632591414565,-0.5353464163701075,0.4779192361767283,-1.4656803967718814
4.29902152596498,3.6376335988934447,-14.113204235233312,28.44128272252398,-0.9997129081004892,-0.02396041271061163,-1.1658872977213717,0.9621359680930739
4.29902152596498,3.968327562429212,12.878568606694397,56.15069432175912,0.30715111975036147,-0.9516607534390074,-0.08039984144214307,-1.8735090340572258
4.29902152596498,4.29902152596498,-14.240892410639582,1.624266115791504,-0.9946253349064527,0.10353957292855155,0.003945496476163823,0.15698388704923372
4.29902152596498,4.6297154895007475,7.994546818283402,32.039997476471484,0.9901369704840425,0.1401027468705822,1.574480558088462,-0.671403612701292
4.29902152596498,4.960409453036515,8.21570030513482,7.689865187205812,0.93528999817076,0.3538822110840552,1.92185309414426,0.19050149721861048
4.29902152596498,5.291103416572283,6.085740037206096,8.101861542711426,-0.19616487968245058,-0.9805709255220499,0.7732698830810768,-0.7352217035024489
4.29902152596498,5.621797380108051,5.046853099519136,19.640577559497515,-0.944586355129181,-0.32826303127792006,-0.23351437845859158,-1.0313822558720005
4.29902152596498,5.9524913436438185,5.420685658316272,-11.080361023851014,-0.7594710581810601,-0.6505410915425258,0.23693669925757077,-0.7352262786540783
4.29902152596498,6.283185307179586,6.92575944863399,37.27979055512602,0.5992581684545811,-0.800555836616323,0.19211753373000662,-1.713921318532555
4.6297154895007475,0.0,6.621431882822178,13.934874933310537,0.3318335313418687,-0.9433379603711414,1.3114421836266141,-1.144253087648469
4.6297154895007475,0.3306939635357677,5.347716498549551,1.6234187960524695,-0.8048773768867226,-0.5934411581411831,0.19373838045045655,-0.5408429718807026
4.6297154895007475,0.6613879270715354,6.151683458080182,-23.82130205601495,-0.13112317219879124,-0.9913660846087716,0.8354318694245392,-1.2478253435808784
4.6297154895007475,0.992081890607303,5.587290026982171,7.257513219111736,-0.6410728060660802,-0.7674800696582041,0.1862517408392761,-1.329204284987975
4.6297154895007475,1.3227758541430708,5.409808337515012,2.4022862993758736,-0.7665021344052045,-0.6422417597387028,-0.09272662055484415,0.09669433826685736
4.6297154895007475,1.6534698176788385,6.950806682109224,35.18829666468873,0.619119814205305,-0.7852965399506027,0.02934701303636067,0.02227267875534633
4.6297154895007475,1.984163781214606,6.2205589651010245,-36.77029135709531,-0.06258541274055239,-0.9980396114945012,0.7383288171161762,-1.5968186996505618
4.6297154895007475,2.3148577447503738,4.174112115243672,6.2854552743556855,-0.8585933332235755,0.5126572813722928,-0.8563233679969052,-0.4873401422533232
4.6297154895007475,2.6455517082861415,8.315502676303412,93.71208544039882,0.8953761973835773,0.4453105266652981,0.38493811049360216,-0.41460398039462015
4.6297154895007475,2.9762456718219092,5.856075621562985,27.26284228174646,-0.41424186805592655,-0.9101668389638992,0.4333823579724958,-0.37956984363720303
4.6297154895007475,3.306939635357677,7.805027897194033,-1.152481360214273,0.9988020051026892,-0.04893418644309349,0.08502727140860689,-0.4551554759668072
4.6297154895007475,3.6376335988934447,4.973407385695713,25.82975797243288,-0.9661276648350232,-0.25806459509282775,-0.32419456118343637,-1.0248252425156341
4.6297154895007475,3.968327562429212,6.9669325053942845,3.064886749827024,0.6317023217114301,-0.7752110530329072,0.708333027289383,0.2218484913086658
4.6297154895007475,4.29902152596498,4.89389540646478,27.875205683483728,-0.9835728817439648,-0.18051145752520134,-0.5949576693771801,0.7408886817829706
4.6297154895007475,4.6297154895007475,5.137627547388073,28.0541998448169,-0.9109403408961066,-0.41253811378839295,-0.6925799129301757,0.5633300758245976
4.6297154895007475,4.960409453036515,4.659321665571097,4.963404463030206,-0.9985922604617177,0.053042410823388474,-1.967252948214861,-0.19534533444921437
4.6297154895007475,5.291103416572283,6.028873954061061,-12.948424147960639,-0.2515789705644158,-0.9678367742392044,-0.624405700585132,-1.8957377546148368
4.6297154895007475,5.621797380108051,6.879869135836981,5.967624616369052,0.5619024194155734,-0.8272035245663095,0.25155289412270493,-1.7778260427881802
4.6297154895007475,5.9524913436438185,6.230968158110044,5.553237665390996,-0.0521934228244969,-0.998636994414819,-0.7190240409152455,-1.7438463118396015
4.6297154895007475,6.283185307179586,6.62034951785176,20.220788453675087,0.3308123012038734,-0.9436965727246219,1.3109654464245066,-1.1419383743561147
4.960409453036515,0.0,5.977750086906092,-1.433425524292588,-0.30070828028745533,-0.9537161685567469,-1.2912877399643123,-1.0906553304729274
4.960409453036515,0.3306939635357677,6.134507122892542,-0.7647454716609994,-0.14813102915796475,-0.9889677437614445,-0.8404843930372337,-1.7105263481208275
4.960409453036515,0.6613879270715354,5.916772128969383,-0.7237251979122917,-0.3582690209556612,-0.9336183956111148,-1.0204497364143026,-1.6829625755943063
4.960409453036515,0.992081890607303,7.320104913016562,-1.1149396617120075,0.8608407801842922,-0.5088743962626721,-0.037043446415168324,-0.9491060575773583
4.960409453036515,1.3227758541430708,5.835702675581755,-10.279972465448921,-0.4326974012032566,-0.9015392165579643,0.3220011382279807,-0.24546748680552555
4.960409453036515,1.6534698176788385,7.662644914101011,-0.8050078821819496,0.9817509064219712,-0.19017139043409748,0.2609148002163991,-0.8832769437161277
4.960409453036515,1.984163781214606,7.053853259840541,6.9928378297655325,0.6966146136396865,-0.7174455241087162,1.348184831691555,-1.4760338518252984
4.960409453036515,2.3148577447503738,8.401846970854711,-49.97627037513976,0.8536383399774626,0.5208661867701934,1.1388354590854322,-0.4376026980938458
4.960409453036515,2.6455517082861415,5.8372204860737265,-27.824425749506684,-0.4313285376338968,-0.9021949305014987,-0.8662113483570486,-0.001707872883494277
4.960409453036515,2.9762456718219092,5.190439628043922,35.89401166304083,-0.8878934072474078,-0.46004923363330225,-1.8605696058064032,-0.22788331719244828
4.960409453036515,3.306939635357677,6.805199764278563,42.717201789994654,0.498627312989749,-0.8668164758128579,-0.4550089097911865,-1.1677781919830545
4.960409453036515,3.6376335988934447,5.504130013225222,7.012470640540317,-0.7026075011553268,-0.7115776129982361,-0.03627058769338298,-1.457228414485105
4.960409453036515,3.968327562429212,7.166681964519243,-1.7839717139435778,0.7729620618258366,-0.6344522448364034,-0.20440198234415752,-0.42288777437013214
4.960409453036515,4.29902152596498,7.9602846855554805,-13.757530485232913,0.9943551493441694,0.1061029545900328,0.06555572919840646,-0.26447987978967047
4.960409453036515,4.6297154895007475,6.425796823260338,11.524127955615212,0.14212860085949355,-0.9898482008963408,-0.7214087359804597,-1.494133108347834
4.960409453036515,4.960409453036515,7.424204397740486,7.524080303813322,0.9090585908308834,-0.4166683074539851,1.855132903027397,-0.7406179884260355
4.960409453036515,5.291103416572283,7.423336622471682,7.301733036995204,0.9086966741478056,-0.4174570090353219,1.7600437290122828,-0.9420598990136186
4.960409453036515,5.621797380108051,7.133499364577269,6.329509225823095,0.751487640676034,-0.6597471681721476,0.797794993305606,-1.6586744073104347
4.960409453036515,5.9524913436438185,6.62097997789546,5.590337974733718,0.3314071984013262,-0.9434878212503773,-0.30732339435776684,-1.7129182793644409
4.960409453036515,6.283185307179586,5.9778039255254685,4.84950284414197,-0.3006569330898724,-0.9537323568931653,-1.2912715450449515,-1.090416996048734
5.291103416572283,0.0,6.080374545494326,0.931425330172709,-0.2014232759726107,-0.9795042949862249,0.6010479611640603,-1.5761950973020817
5.291103416572283,0.3306939635357677,6.389555710139257,0.46859801485163655,0.10616992553952892,-0.9943480009086009,0.5578058007412321,-1.8865503525255374
5.291103416572283,0.6613879270715354,5.469003275433511,0.8231902640862973,-0.727164336639472,-0.6864634203799038,0.006154234492660504,-1.3663486115943673
5.291103416572283,0.992081890607303,7.119637678223503,-0.8264108593143134,0.7422705285779256,-0.6701003375649403,0.006766129301084001,-1.3476202846103482
5.291103416572283,1.3227758541430708,7.377006021402716,-0.7006945920712024,0.8883874631509118,-0.45909445141091315,0.24363867804095873,-1.2234889857315345
5.291103416572283,1.6534698176788385,7.080307493248555,1.104127363380786,0.7153481308905573,-0.6987682388541898,1.6084200507526694,-1.1486821705720254
5.291103416572283,1.984163781214606,5.870472614921214,0.6387538568998077,-0.40109572486703754,-0.916036145298528,0.1950997269754962,-1.7188754711927428
5.291103416572283,2.3148577447503738,7.6672890573887855,11.153397928793972,0.9826234992180524,-0.1856099641303511,-0.004948179441489287,-0.34277923437608016
5.291103416572283,2.6455517082861415,5.727719098846333,-5.743588451499589,-0.5273394735910197,-0.8496546825580061,-0.013549304091712289,-1.7075705652212618
5.291103416572283,2.9762456718219092,6.997651101580912,0.7830214429998257,0.6552139481307376,-0.7554433679468839,1.3606381386379665,-1.4642287455099519
5.291103416572283,3.306939635357677,4.9852811693773145,-7.89309322509022,-0.9629954288642456,-0.2695177248096452,-1.9622306680808363,-0.23041610453935002
5.291103416572283,3.6376335988934447,4.880133627353182,-13.347287138367006,-0.9859638258647279,-0.16695907907684604,-1.6898945189159467,-0.8772277461180092
5.291103416572283,3.968327562429212,6.390650472811807,19.84496359458375,0.10725843677440133,-0.9942311741947704,0.9462393123889208,-1.5383920790318362
5.291103416572283,4.29902152596498,6.977622551352751,7.9119423702200775,0.6399531114548058,-0.7684139607915208,1.6382738581742422,-0.7104856717649406
5.291103416572283,4.6297154895007475,7.10557651365025,8.060911836989561,0.7327750696407462,-0.6804709378900758,1.7114413046232193,-0.4750143719077955
5.291103416572283,4.960409453036515,6.5481701264756795,6.737537181542483,0.2618946173358473,-0.9650964767371758,0.7007746528795167,-1.8636421430230845
5.291103416572283,5.291103416572283,5.895591336838392,5.552272935862411,-0.37796195818974687,-0.9258211264393204,-1.0455111912918484,-1.6703867859917845
5.291103416572283,5.621797380108051,5.629390283355746,5.1721454615870615,-0.6082031974610664,-0.7937813745598564,-1.504363778126155,-1.2375112627373503
5.291103416572283,5.9524913436438185,5.414052834055266,5.92927258987814,-0.7637692451177296,-0.6454893804024149,-1.1103399182919251,-1.583513243902478
5.291103416572283,6.283185307179586,6.080374154915034,7.214611375394552,-0.20142365854668984,-0.9795042163143896,0.601048018972789,-1.5761944263724006
5.621797380108051,0.0,6.310025590535428,0.7681704417660972,0.02683706084493765,-0.9996398212182251,0.7216576757476391,-1.7188229085515077
5.621797380108051,0.3306939635357677,6.746270448299816,-0.1727564332969707,0.44671043821752615,-0.8946785927848647,0.2748120366391964,-1.8797932762277698
5.621797380108051,0.6613879270715354,6.310843322252544,-0.21941094352932491,0.027654488968566787,-0.999617541482685,-0.19000023757682646,-1.9756433710653094
5.621797380108051,0.992081890607303,6.792505467201323,-0.6419934043337225,0.4875838075080439,-0.8730761883455297,-0.11120934742958416,-1.6739799014096168
5.621797380108051,1.3227758541430708,6.249613528654183,-0.2535772445897053,-0.03356547262185351,-0.9994365207694141,-0.2844338782297318,-1.9674577204689667
5.621797380108051,1.6534698176788385,7.065353523048432,-0.543064393719471,0.7048191788932584,-0.7093870065515953,0.1880572482548435,-1.5655161481201194
5.621797380108051,1.984163781214606,6.037046910192321,0.8996019482161444,-0.24366056878787515,-0.9698605710193446,0.5394188458322073,-1.59178229470993
5.621797380108051,2.3148577447503738,6.558938187633044,-8.199552328046186,0.27227145104653605,-0.9622204825012892,-0.6686108414814398,-0.6234867941747508
5.621797380108051,2.6455517082861415,5.329578983753846,7.329681521073099,-0.8155079481343609,-0.5787458738770278,0.050166574039596235,-1.0793531267798309
5.621797380108051,2.9762456718219092,4.658311360718085,-18.974559802920627,-0.9985381618263102,0.05405126618806924,-1.1232167463086333,-0.9381459171235366
5.621797380108051,3.306939635357677,5.694756252350484,-8.063769617831483,-0.5550549746897148,-0.8318136660768445,-1.5331300642958097,-0.6235611292566907
5.621797380108051,3.6376335988934447,6.020908914185516,-8.012812581556565,-0.2592797672770361,-0.9658022583742316,-1.2466926273313292,-0.8076382808085386
5.621797380108051,3.968327562429212,6.274289710004052,3.860868871696975,-0.008895479855453388,-0.9999604344363537,-0.6677358357880716,-0.24767765157170463
5.621797380108051,4.29902152596498,6.876451005744561,7.499478233274812,0.5590716531394734,-0.8291193440367294,1.4968906394670016,-1.1762440318415692
5.621797380108051,4.6297154895007475,6.2868137689944374,5.942601775191266,0.0036284538529616724,-0.9999934171396514,-0.33040870898333313,-1.9425533217845916
5.621797380108051,4.960409453036515,5.7828550084336365,5.0715058231467065,-0.4797153768665859,-0.877424160368148,-1.4159229490587915,-1.2288717123157693
5.621797380108051,5.291103416572283,5.530680266391113,5.524151284326994,-0.683469529848688,-0.7299790420062848,-1.371690478625779,-1.4554801968395217
5.621797380108051,5.621797380108051,6.019830414288006,5.7080167889071,-0.2603212339196036,-0.965522063533804,-0.8042974361176434,-1.8046227079395853
5.621797380108051,5.9524913436438185,6.1992165096139225,6.5257220585257105,-0.08387015838744231,-0.9964766914143378,0.1562957434916562,-1.9672085491251061
5.621797380108051,6.283185307179586,6.310023727450448,7.051358049667226,0.02683519843095424,-0.9996398712162152,0.7216574679718388,-1.7188213599588373
5.9524913436438185,0.0,6.578528460011514,0.016246066299468686,0.2910681623640601,-0.9567023177864727,0.3073135140229346,-1.9565703533539067
5.9524913436438185,0.3306939635357677,6.549311035763514,-0.24019057328878585,0.2629955341802482,-0.9647970506802174,0.025107800998307117,-1.936089708122637
5.9524913436438185,0.6613879270715354,6.217446530618329,-0.06644755802204619,-0.0656914374871883,-0.997839984687358,-0.13209010889639816,-1.9956331578625868
5.9524913436438185,0.992081890607303,6.6716295177871565,-0.7077057746941343,0.3787489918801151,-0.9254994333600624,-0.2713432122078805,-1.6853547657648642
5.9524913436438185,1.3227758541430708,5.612360694526158,0.6221678127178882,-0.6216321250961394,-0.7833093265424954,-0.03883399513281849,-1.5959262964066843
5.9524913436438185,1.6534698176788385,5.206612611186683,0.20443043971089747,-0.8803372445411057,-0.474348327575605,-0.6773277518820532,-1.4535250970561284
5.9524913436438185,1.984163781214606,7.237995362770205,0.36924180559439623,0.816204012166135,-0.5777638016732302,1.1771124548822998,-1.5103650540722353
5.9524913436438185,2.3148577447503738,5.944498788326745,-1.70192718580182,-0.33224851434592323,-0.9431918811752605,-1.3236631761286946,-0.8124365049869245
5.9524913436438185,2.6455517082861415,6.750555147906594,1.2491659762238572,0.45053975500862337,-0.8927563660690243,1.3992610579925393,-1.2088700944398447
5.9524913436438185,2.9762456718219092,6.366756902207467,2.383116553981094,0.08347434871108635,-0.9965099262462266,0.7712904164372875,-0.2706249098850497
5.9524913436438185,3.306939635357677,5.925035993724883,-5.021788321998864,-0.35054157932782865,-0.9365471697476596,0.6019750547785692,-1.241033724049518
5.9524913436438185,3.6376335988934447,6.847530042728432,6.243908086727993,0.5348622722189381,-0.8449392580279333,0.49559514981670233,-1.844168007163109
5.9524913436438185,3.968327562429212,6.336749086278398,6.937343895544865,0.05353816965897648,-0.9985658037353206,0.662029917679231,-1.7921260047227787
5.9524913436438185,4.29902152596498,6.617596998749121,5.237256480861718,0.3282135084643553,-0.9446035638623849,-0.5371768360465512,-1.4457019091273582
5.9524913436438185,4.6297154895007475,5.948461302268452,4.6431751532598105,-0.3285085047481652,-0.9445010123383271,-1.326114183888111,-0.8753424340726659
5.9524913436438185,4.960409453036515,5.760354563908585,5.719040545580521,-0.49933471709061694,-0.866409164487561,-1.0340280127754702,-1.7114553641415622
5.9524913436438185,5.291103416572283,6.154929488420222,6.169969946923098,-0.12790448265825205,-0.991786490791201,-0.24087813744934833,-1.985384474546775
5.9524913436438185,5.621797380108051,6.330182312801309,6.555314574552853,0.04697970700596853,-0.9988958439845634,0.3157626634185507,-1.9620966134724787
5.9524913436438185,5.9524913436438185,6.499319949258967,6.528617628447938,0.21445580925728355,-0.9767336924033099,0.4574315223645061,-1.9467660644610865
5.9524913436438185,6.283185307179586,6.578525448486454,6.299435331541714,0.29106528122973563,-0.9567031943411994,0.3073145904288182,-1.9565711656006815
6.283185307179586,0.0,6.2831853071795765,2.1341422028005534e-14,-1.0014891976530848e-14,-1.0,1.1326530051474686e-14,-2.0
6.283185307179586,0.3306939635357677,6.057610721897787,0.010517763716733833,-0.22366642761854635,-0.9746657525307625,-0.21314885781912238,-1.974610441363857
6.283185307179586,0.6613879270715354,6.285931655317641,-0.6073538238655924,0.0027463446857000193,-0.9999962287883226,-0.5679501792436963,-1.8211572833780445
6.283185307179586,0.992081890607303,6.17292169661739,-0.679424521269035,-0.11004031434564503,-0.9939271247021643,-0.7383857577068885,-1.7718615716880026
6.283185307179586,1.3227758541430708,6.415013493583092,-1.0345956571216208,0.13144668494642828,-0.991323241438732,-0.728209173716324,-1.5021968115779654
6.283185307179586,1.6534698176788385,5.709997916289527,0.46906719196215274,-0.5423127705058006,-0.8401766831722497,-0.09025834410678818,-1.732167039383044
6.283185307179586,1.984163781214606,6.682795637372093,-0.21441288464117395,0.3890594030923725,-0.9212126686413984,0.1762856093757883,-1.898314154008938
6.283185307179586,2.3148577447503738,6.341064964101876,1.6092204466783187,0.05784734566567745,-0.998325440224497,1.0571092299916047,-0.9599107746214068
6.283185307179586,2.6455517082861415,5.894971699483171,-2.382228534579424,-0.3785355589479015,-0.9255867493714459,-1.0669959553688444,-0.20031281315153848
6.283185307179586,2.9762456718219092,6.853143347330317,0.2558640648044995,0.5395967222209158,-0.8419236173005505,0.7926781603834492,-1.809368595404
6.283185307179586,3.306939635357677,5.713226801770054,6.027324882652969,-0.5395971139332315,-0.8419233662483345,-0.7926750303255325,-1.8093692656321356
6.283185307179586,3.6376335988934447,6.671407091155929,8.665404977516683,0.3785431267916084,-0.9255836543278151,1.0670099521894274,-0.20031582081618826
6.283185307179586,3.968327562429212,6.225299579669525,4.673965939286235,-0.057853406086821046,-0.9983250890387125,-1.0571153318533306,-0.9599115014243441
6.283185307179586,4.29902152596498,5.883583988283812,6.497597465591591,-0.38905110175586544,-0.9212161745337233,-0.17627801763893758,-1.8983178144235409
6.283185307179586,4.6297154895007475,6.856377686367105,5.814113791576583,0.5423169615502672,-0.8401739779443814,0.09025867850953734,-1.7321623796258536
6.283185307179586,4.960409453036515,6.151357681361722,7.3177800871739285,-0.13144612922483334,-0.9913233151257003,0.7282092813364438,-1.502197639292341
6.283185307179586,5.291103416572283,6.393448450228051,6.962610567614591,0.11003984967105337,-0.9939271761474138,0.7383858680547948,-1.771861158681471
6.283185307179586,5.621797380108051,6.280439306131344,6.890538685782154,-0.0027459975971972903,-0.9999962297414907,0.5679501606994872,-1.8211575384411915
6.283185307179586,5.9524913436438185,6.508760134934328,6.272667048390235,0.22366666394861281,-0.974665698297677,0.21314859910395567,-1.9746103819236882
6.283185307179586,6.283185307179586,6.283185307179585,6.283185307179587,-1.133107779529596e-15,-1.0,-4.898587196589413e-16,-2.0
